{"cameraMode":{"drawMode":0,"name":"Shaded","section":"Shading Mode"},"sceneLighting":false,"audioPlay":false,"sceneViewState":{"showFog":true,"showMaterialUpdate":false,"showSkybox":false,"showFlares":true,"showImageEffects":true,"showParticleSystems":true,"showVisualEffectGraphs":true,"m_FxEnabled":true},"in2DMode":false,"pivot":{"x":0.27103593945503237,"y":-0.07106894999742508,"z":-2.9574673175811769},"rotation":{"x":-0.14686596393585206,"y":-0.675589382648468,"z":0.13998162746429444,"w":-0.7088153958320618},"size":3.2704668045043947,"orthographic":false}